"iteration","train_R2","train_RMSE","test_R2","test_RMSE"
1,0.931215645189107,0.801045765197047,0.923209066028642,0.847790033409009
