"iteration","train_R2","train_RMSE","test_R2","test_RMSE"
3,0.926810323616326,0.829782585838278,0.923253887317189,0.831986669047842
