"iteration","train_R2","train_RMSE","test_R2","test_RMSE"
2,0.929440036586636,0.8087237138628,0.92006822779253,0.87583201080461
